Uuid,Void/Retire,Same as mappings,Fully specified name:en,Fully specified name:fr,Short name:en,Short name:fr,Description:en,Description:km,Data class,Data type,Complex data handler,Answers,Members,Allow decimals,Units,Normal low,Normal high,Absolute low,Absolute high,_version:1,_order:1000
a37a10c5-b5e6-48bf-9b54-dec61c6bb228,,,Abces de la marge anale,Abces de la marge anale,Abces de la marge anale,Abces de la marge anale,,,Surgery,Text,,,,,,,,,,,
06a9ab43-e0d3-4ca3-85f5-f276437e44d5,,,Abces du Sein,Abces du Sein,Abces du Sein,Abces du Sein,,,Surgery,Text,,,,,,,,,,,
ca7dc7a0-0fcf-45e4-99a8-a4060b3df2f2,,,Absces du Psoas,Absces du Psoas,Absces du Psoas,Absces du Psoas,,,Surgery,Text,,,,,,,,,,,
b30a14d3-de78-4ccb-b6d9-26028a9474e0,,,Absces intra musculaire,Absces intra musculaire,Absces intra musculaire,Absces intra musculaire,,,Surgery,Text,,,,,,,,,,,
e646c4ac-61c6-4e28-8ef0-fc9e300fd356,,,Absces ischion-rectal,Absces ischion-rectal,Absces ischion-rectal,Absces ischion-rectal,,,Surgery,Text,,,,,,,,,,,
ff24865a-3b1c-4535-a237-a9d1c5446766,,,Absces pilonidal,Absces pilonidal,Absces pilonidal,Absces pilonidal,,,Surgery,Text,,,,,,,,,,,
48dedfe4-096b-4167-9a9f-0601479f8bea,,,Absces residuel abdominal,Absces residuel abdominal,Absces residuel abdominal,Absces residuel abdominal,,,Surgery,Text,,,,,,,,,,,
74d18eb5-8cc8-47f2-86f2-acd90e0ccc83,,,Absces sous cutané,Absces sous cutané,Absces sous cutané,Absces sous cutané,,,Surgery,Text,,,,,,,,,,,
0e2b764f-60e7-4604-9779-c08bacac0ede,,,General multiple abscess (drainage),Abces (drainage) multiple général,General multiple abscess (drainage),Abces (drainage) multiple général,,,Surgery,Text,,,,,,,,,,,
b1c5db7d-bae5-40f5-9710-eb8b31c94d8d,,,Local multiple abscess (drainage),Abces (drainage) multiple local,Local multiple abscess (drainage),Abces (drainage) multiple local,,,Surgery,Text,,,,,,,,,,,
2aad8552-f5aa-4f73-ad8b-6deaf542777c,,,Multiple sedation/spine abscess (drainage),Abces (drainage) multiple sédation / rachi,Multiple sedation/spine abscess (drainage),Abces (drainage) multiple sédation / rachi,,,Surgery,Text,,,,,,,,,,,
fe63a126-e5f5-48a8-b2df-fcbe40846bbb,,,Single local abscess (drainage),Abces (drainage) unique local,Single local abscess (drainage),Abces (drainage) unique local,,,Surgery,Text,,,,,,,,,,,
1e79af3b-b366-4829-8e0b-a5b0c4037a87,,,Single spine abscess (drainage),Abces (drainage) unique rachi,Single spine abscess (drainage),Abces (drainage) unique rachi,,,Surgery,Text,,,,,,,,,,,
0a14572a-a354-42be-ba77-f304ba96f681,,,Single sedation/general abscess (drainage),Abces (drainage) unique sédation / général,Single sedation/general abscess (drainage),Abces (drainage) unique sédation / général,,,Surgery,Text,,,,,,,,,,,
14a5b887-9af0-49ba-8c1c-5c4c7ed2b76f,,,Wire ablation,Ablation de fil,Wire ablation,Ablation de fil,,,Surgery,Text,,,,,,,,,,,
73245064-2785-4a95-888c-c4eeecd542d5,,,Local breast fibroadenoma,Adenofibrome des seins local,Local breast fibroadenoma,Adenofibrome des seins local,,,Surgery,Text,,,,,,,,,,,
c7f68241-6859-4866-871a-9428254e6f6d,,,Fibroadenoma breast sedation/general,Adenofibrome des seins sédation / général,Fibroadenoma breast sedation/general,Adenofibrome des seins sédation / général,,,Surgery,Text,,,,,,,,,,,
266b8679-5199-418b-84cc-589ca19a7c65,,,General unilateral breast adenoma,Adenofibromme du sein unilateral général,General unilateral breast adenoma,Adenofibromme du sein unilateral général,,,Surgery,Text,,,,,,,,,,,
2332a8d4-0669-49cc-ba8a-14356bb73063,,,Local unilateral breast adenoma,Adenofibromme du sein unilateral local,Local unilateral breast adenoma,Adenofibromme du sein unilateral local,,,Surgery,Text,,,,,,,,,,,
3d88ea49-06eb-442a-ad93-ced51b1b92d6,,,Unilateral fibroadenoma sedation,Adenofibromme du sein unilateral sédation,Unilateral fibroadenoma sedation,Adenofibromme du sein unilateral sédation,,,Surgery,Text,,,,,,,,,,,
483b7be8-0722-4a90-8eea-85e3384503ba,,,Spine adhesiolysis,Adhesiolyse rachi,Spine adhesiolysis,Adhesiolyse rachi,,,Surgery,Text,,,,,,,,,,,
e46b1145-d4e3-429c-804a-f0d896555904,,,Sedation/general adhesiolysis,Adhesiolyse sédation / général,Sedation/general adhesiolysis,Adhesiolyse sédation / général,,,Surgery,Text,,,,,,,,,,,
9b5d9cb8-2993-4638-806e-d3f2f5139807,,,Forearm amputation,Amputation avant bras,Forearm amputation,Amputation avant bras,,,Surgery,Text,,,,,,,,,,,
23c71337-a278-46af-94af-f6728b169fea,,,Amputation de chopart,Amputation de chopart,Amputation de chopart,Amputation de chopart,,,Surgery,Text,,,,,,,,,,,
24f4f561-5f71-42b4-b526-3dc61a529638,,,Amputation de lisfranc,Amputation de lisfranc,Amputation de lisfranc,Amputation de lisfranc,,,Surgery,Text,,,,,,,,,,,
46ca7cfe-0b21-4c4b-a666-55d7192cd3e3,,,Amputation of syme rachi,Amputation de syme rachi,Amputation of syme rachi,Amputation de syme rachi,,,Surgery,Text,,,,,,,,,,,
1abac3fe-7bce-488e-a5af-421ab0cd870d,,,Syme amputation sedation / general,Amputation de syme sédation / général,Syme amputation sedation / general,Amputation de syme sédation / général,,,Surgery,Text,,,,,,,,,,,
d25b1af3-70f7-44fe-9e07-95ff255e8459,,,Infracondylar amputation (BKA),Amputation infra condylienne (BKA),Infracondylar amputation (BKA),Amputation infra condylienne (BKA),,,Surgery,Text,,,,,,,,,,,
60fe2c98-e69e-4a60-ae7d-4ea8c9b169eb,,,Supracondylar amputation (AKA),Amputation supra condylienne (AKA),Supracondylar amputation (AKA),Amputation supra condylienne (AKA),,,Surgery,Text,,,,,,,,,,,
ec664599-eae2-45b8-9cb0-1499b0c4872e,,,Transhumeral amputation,Amputation transhumerale,Transhumeral amputation,Amputation transhumerale,,,Surgery,Text,,,,,,,,,,,
e15aab1b-a56e-4071-a6bf-34c00afa33c3,,,Simple anoplasty,Anoplastie simple,Simple anoplasty,Anoplastie simple,,,Surgery,Text,,,,,,,,,,,
10e726e4-d869-42df-bac2-c5d3beb32c8e,,,General appendectomy,Appendicectomie général,General appendectomy,Appendicectomie général,,,Surgery,Text,,,,,,,,,,,
64ba471a-376f-4a58-bcfc-f8a901d31e97,,,Spine appendectomy,Appendicectomie rachi,Spine appendectomy,Appendicectomie rachi,,,Surgery,Text,,,,,,,,,,,
c75be2cb-a405-455f-a95e-0389763dcc2d,,,ADF (Lympectomie),ADF (Lympectomie),ADF (Lympectomie),ADF (Lympectomie),,,Surgery,Text,,,,,,,,,,,
01af89db-d57c-4a6f-8454-8a8d5b7079e8,,,Amputation Avant-Bras,Amputation Avant-Bras,Amputation Avant-Bras,Amputation Avant-Bras,,,Surgery,Text,,,,,,,,,,,
fdfc9fc4-d988-4f0f-82cb-4e9ca87feb96,,,Anoplastie,Anoplastie,Anoplastie,Anoplastie,,,Surgery,Text,,,,,,,,,,,
3adc220d-6c23-466e-8099-d1523f619cd7,,,Anthrax,Anthrax,Anthrax,Anthrax,,,Surgery,Text,,,,,,,,,,,
5b956ec1-6fc7-478e-9107-78d6bb8ea6a8,,,Appendicectomie,Appendicectomie,Appendicectomie,Appendicectomie,,,Surgery,Text,,,,,,,,,,,
5d302a5f-5bf1-4ae8-81e0-de7b7009294e,,,Local incisional biopsy,Biopsie incisionnelle local,Local incisional biopsy,Biopsie incisionnelle local,,,Surgery,Text,,,,,,,,,,,
adb835d8-c4a7-4586-8ead-76c39dae53c9,,,Spine / sedation / general incisional biopsy,Biopsie incisionnelle rachi / sédation / général,Spine / sedation / general incisional biopsy,Biopsie incisionnelle rachi / sédation / général,,,Surgery,Text,,,,,,,,,,,
89896dd2-365e-412e-b31c-161651280e56,,,Caecostomie,Caecostomie,Caecostomie,Caecostomie,,,Surgery,Text,,,,,,,,,,,
31eb5bcb-8f1e-47c1-9398-19afc1cde3e2,,,Cauterisation (verrue),Cauterisation (verrue),Cauterisation (verrue),Cauterisation (verrue),,,Surgery,Text,,,,,,,,,,,
8c4d52ff-50a4-43b1-8cde-7c730f219615,,,General caecostomy,Caecostomie général,General caecostomy,Caecostomie général,,,Surgery,Text,,,,,,,,,,,
b0b14d92-ed8e-44a0-ad88-ceb251c843e4,,,Spine caecostomy,Caecostomie rachi,Spine caecostomy,Caecostomie rachi,,,Surgery,Text,,,,,,,,,,,
714bdb81-7391-4284-a780-a1da2a045a81,,,General cauterization,Cauterisation général,General cauterization,Cauterisation général,,,Surgery,Text,,,,,,,,,,,
51357013-7221-4f0b-b24a-a733f6556ebc,,,Local cauterization,Cauterisation local,Local cauterization,Cauterisation local,,,Surgery,Text,,,,,,,,,,,
b52f8b99-0c3f-40c8-891c-ee334e1b39ea,,,Spine cauterization / sedation,Cauterisation rachi / sédation,Spine cauterization / sedation,Cauterisation rachi / sédation,,,Surgery,Text,,,,,,,,,,,
239ef4eb-81ac-44a5-aa0e-c13b4dc2b795,,,Anal spine banding,Cerclage anale rachi,Anal spine banding,Cerclage anale rachi,,,Surgery,Text,,,,,,,,,,,
68f032a3-0e3e-4efa-8826-6c9605f7726d,,,Anal sedation/general cerclage,Cerclage anale sédation / général,Anal sedation/general cerclage,Cerclage anale sédation / général,,,Surgery,Text,,,,,,,,,,,
a48d571a-f446-4d93-973b-33ddd3293e2e,,,Cholecystectomy,Cholecystectomie,Cholecystectomy,Cholecystectomie,,,Surgery,Text,,,,,,,,,,,
5574a7e4-1ec3-45d5-8be2-b898381a4881,,,Circumcision,Circoncision,Circumcision,Circoncision,,,Surgery,Text,,,,,,,,,,,
d19fa55e-91e0-4f47-bd88-07185e425052,,,Colectomy,Colectomie,Colectomy,Colectomie,,,Surgery,Text,,,,,,,,,,,
cbd7a23b-15cb-41f0-af5e-de104c3ef301,,,Colorraphy,Colorraphie,Colorraphy,Colorraphie,,,Surgery,Text,,,,,,,,,,,
a177ce32-41e4-49f9-a44a-42920c1004bc,,,Surgery consultation,Consultation chirurgie,Surgery consultation,Consultation chirurgie,,,Surgery,Text,,,,,,,,,,,
dfebef8b-9155-4a41-ac5e-7c2db4f012d3,,,Cholecystectomie Laparoscopie,Cholecystectomie Laparoscopie,Cholecystectomie Laparoscopie,Cholecystectomie Laparoscopie,,,Surgery,Text,,,,,,,,,,,
b555bd2e-d6f2-4960-bec7-6e02f91b39ff,,,Cholecystectomie Laparotomie,Cholecystectomie Laparotomie,Cholecystectomie Laparotomie,Cholecystectomie Laparotomie,,,Surgery,Text,,,,,,,,,,,
f07b575e-2314-4ef7-8fb4-c8b2a946af20,,,Colonoscopie,Colonoscopie,Colonoscopie,Colonoscopie,,,Surgery,Text,,,,,,,,,,,
e71c7f87-f6ee-4ed0-b62a-566f2675f26b,,,Colostomy,Colostomie,Colostomy,Colostomie,,,Surgery,Text,,,,,,,,,,,
4b64133e-a2ed-4081-ab4c-33a78ac4def3,,,Condylome,Condylome,Condylome,Condylome,,,Surgery,Text,,,,,,,,,,,
b5f48793-9083-4d60-ab7a-6adbc63c4e00,,,Damage control,Damage control,Damage control,Damage control,,,Surgery,Text,,,,,,,,,,,
6f086c18-9f6f-455a-a728-6545da7edd9b,,,Debridement  large étandue,Debridement  large étandue,Debridement  large étandue,Debridement  large étandue,,,Surgery,Text,,,,,,,,,,,
396a9a35-ad73-43be-a715-ec3e8908d7a5,,,General wide debridement,Debridement large général,General wide debridement,Debridement large général,,,Surgery,Text,,,,,,,,,,,
897b8a59-ad89-4253-a74d-09ae7a3d76e2,,,Wide local debridement,Debridement large local,Wide local debridement,Debridement large local,,,Surgery,Text,,,,,,,,,,,
35ba532c-a540-4a6c-90c4-0afd8a0d20d2,,,Wide sedation/spine debridement,Debridement large sédation / rachi,Wide sedation/spine debridement,Debridement large sédation / rachi,,,Surgery,Text,,,,,,,,,,,
19c216f4-be51-4263-87ef-2cf72d372f00,,,General minor debridement,Debridement mineur général,General minor debridement,Debridement mineur général,,,Surgery,Text,,,,,,,,,,,
800f48ba-feee-4541-bdd3-3a8101f3a482,,,Local minor debridement,Debridement mineur local,Local minor debridement,Debridement mineur local,,,Surgery,Text,,,,,,,,,,,
a274078c-e256-4079-a826-48b90e543707,,,Minor spine debridement/sedation,Debridement mineur rachi / sédation,Minor spine debridement/sedation,Debridement mineur rachi / sédation,,,Surgery,Text,,,,,,,,,,,
849e3e91-c7e1-4bf8-bb57-d80f0dd650c6,,,Disarticulation 1 finger or local toe,Desarticulation 1 doigt ou orteil local,Disarticulation 1 finger or local toe,Desarticulation 1 doigt ou orteil local,,,Surgery,Text,,,,,,,,,,,
33688ce1-21b8-4975-a512-413a9a36613c,,,Disarticulation 1 finger or spine toe / sedation / general,Desarticulation 1 doigt ou orteil rachi / sédation / général,Disarticulation 1 finger or spine toe / sedation / general,Desarticulation 1 doigt ou orteil rachi / sédation / général,,,Surgery,Text,,,,,,,,,,,
d9452585-060b-475d-b9aa-1ded79a363d5,,,Disarticulation 2 fingers or local toe,Desarticulation 2 doigts ou orteil local,Disarticulation 2 fingers or local toe,Desarticulation 2 doigts ou orteil local,,,Surgery,Text,,,,,,,,,,,
2ac6f135-bbea-40f0-b6e7-cc837f59826b,,,Disarticulation 2 fingers or toe sedation / spine / general,Desarticulation 2 doigts ou orteil sédation / rachi / général,Disarticulation 2 fingers or toe sedation / spine / general,Desarticulation 2 doigts ou orteil sédation / rachi / général,,,Surgery,Text,,,,,,,,,,,
88e69a1b-d9fc-47bd-935c-ac2c1742a956,,,Disarticulation 3 fingers or local toes,Desarticulation 3 doigts ou orteils local,Disarticulation 3 fingers or local toes,Desarticulation 3 doigts ou orteils local,,,Surgery,Text,,,,,,,,,,,
6cb08e24-2393-45ae-b3ba-7bf58e6fe8d8,,,Disarticulation 3 fingers or toes sedation / spine / general,Desarticulation 3 doigts ou orteils sédation / rachi / général,Disarticulation 3 fingers or toes sedation / spine / general,Desarticulation 3 doigts ou orteils sédation / rachi / général,,,Surgery,Text,,,,,,,,,,,
6082d288-44a4-48da-8940-e05075c3136e,,,Disarticulation supernumerary finger 1 finger or general toe,Desarticulation doigt surnumeraire 1 doigt ou orteil général,Disarticulation supernumerary finger 1 finger or general toe,Desarticulation doigt surnumeraire 1 doigt ou orteil général,,,Surgery,Text,,,,,,,,,,,
57386d18-8b9d-44d0-bd41-4a19e89f19b5,,,Disarticulation supernumerary finger 1 finger or local toe,Desarticulation doigt surnumeraire 1 doigt ou orteil local,Disarticulation supernumerary finger 1 finger or local toe,Desarticulation doigt surnumeraire 1 doigt ou orteil local,,,Surgery,Text,,,,,,,,,,,
8cecf751-747d-45fe-a02e-fda09dd29a16,,,Disarticulation supernumerary finger 1 finger or spine toe/sedation,Desarticulation doigt surnumeraire 1 doigt ou orteil rachi / sédation,Disarticulation supernumerary finger 1 finger or spine toe/sedation,Desarticulation doigt surnumeraire 1 doigt ou orteil rachi / sédation,,,Surgery,Text,,,,,,,,,,,
3da384d1-4be7-4946-8f66-fe97b3fe3344,,,Disarticulation of supernumerary finger 2 fingers or 2 local toes,Desarticulation doigt surnumeraire 2 doigts ou 2 orteils local,Disarticulation of supernumerary finger 2 fingers or 2 local toes,Desarticulation doigt surnumeraire 2 doigts ou 2 orteils local,,,Surgery,Text,,,,,,,,,,,
8f221d58-ef7d-4f19-afb0-dd84f47cc275,,,"Disarticulation of supernumerary finger, 2 fingers or 2 toes, spine/sedation/general",Desarticulation doigt surnumeraire 2 doigts ou 2 orteils rachi / sédation / général,"Disarticulation of supernumerary finger, 2 fingers or 2 toes, spine/sedation/general",Desarticulation doigt surnumeraire 2 doigts ou 2 orteils rachi / sédation / général,,,Surgery,Text,,,,,,,,,,,
a4740673-737a-4771-8226-5bdbf70f86f6,,,Clearingussusception,Desinvagination,Clearingussusception,Desinvagination,,,Surgery,Text,,,,,,,,,,,
3fd5068f-1130-4470-9677-7bc75dc0b487,,,Wet chest drainage,Drainage thoracique sous eau,Wet chest drainage,Drainage thoracique sous eau,,,Surgery,Text,,,,,,,,,,,
9e19c088-7980-48ff-85b5-a1a6c8ab8477,,,Duodenostomy,Duodenostomie,Duodenostomy,Duodenostomie,,,Surgery,Text,,,,,,,,,,,
1cf66462-effe-442f-964e-abc07769ba1c,,,Debridement petite étendue,Debridement petite étendue,Debridement petite étendue,Debridement petite étendue,,,Surgery,Text,,,,,,,,,,,
cf2f07c4-3472-488b-a9f8-31fea2602782,,,Drainage absces sous phrenique,Drainage absces sous phrenique,Drainage absces sous phrenique,Drainage absces sous phrenique,,,Surgery,Text,,,,,,,,,,,
c563f23f-f198-4c4e-977e-156398987b57,,,Drainage thoracique,Drainage thoracique,Drainage thoracique,Drainage thoracique,,,Surgery,Text,,,,,,,,,,,
d0d544d4-9e44-4729-903f-0b96d3b6b0b6,,,Evisceration sans lesion intra,Evisceration sans lesion intra,Evisceration sans lesion intra,Evisceration sans lesion intra,,,Surgery,Text,,,,,,,,,,,
aeb6842a-2883-4be3-ad3d-3d82076b5db3,,,General granuloma excision,Exerese granulome général,General granuloma excision,Exerese granulome général,,,Surgery,Text,,,,,,,,,,,
9a5a9859-da8d-483f-95f7-10f9c0842275,,,Local granuloma excision,Exerese granulome local,Local granuloma excision,Exerese granulome local,,,Surgery,Text,,,,,,,,,,,
4afe3714-b0b7-4adb-a348-73a7b7e72fb7,,,"Excision, granuloma rachi / sedation",Exerese granulome rachi / sédation,"Excision, granuloma rachi / sedation",Exerese granulome rachi / sédation,,,Surgery,Text,,,,,,,,,,,
541ee743-b00c-43ee-95e2-44a740129fef,,,Giant lipoma excision,Exerese lipome geant,Giant lipoma excision,Exerese lipome geant,,,Surgery,Text,,,,,,,,,,,
76127b70-351e-4a6b-951d-94dc855bd6ad,,,Multiple lipoma excision,Exerese lipome multiple,Multiple lipoma excision,Exerese lipome multiple,,,Surgery,Text,,,,,,,,,,,
70cf486d-91a4-4722-b406-fc32b7dcf474,,,Simple and unique lipoma excision,Exerese lipome simple et unique,Simple and unique lipoma excision,Exerese lipome simple et unique,,,Surgery,Text,,,,,,,,,,,
54fb9b33-01fc-4a8c-a193-db59d85e03c2,,,General foreign body extraction,Extraction de corps etranger général,General foreign body extraction,Extraction de corps etranger général,,,Surgery,Text,,,,,,,,,,,
6b29ef24-4ef6-4841-90ea-3eda5c60b2b4,,,Local foreign body extraction,Extraction de corps etranger local,Local foreign body extraction,Extraction de corps etranger local,,,Surgery,Text,,,,,,,,,,,
5b91a979-5de9-45a0-9e14-bbfcb0575712,,,Spinal foreign body extraction/sedation,Extraction de corps etranger rachi / sédation,Spinal foreign body extraction/sedation,Extraction de corps etranger rachi / sédation,,,Surgery,Text,,,,,,,,,,,
9728d3e4-46d0-449b-90c6-3132a159ce89,,,Fecal removal,Extraction de fecalome,Fecal removal,Extraction de fecalome,,,Surgery,Text,,,,,,,,,,,
6bc8968b-de3f-49b8-8448-b090eed30402,,,General projectile extraction,Extraction de projectile général,General projectile extraction,Extraction de projectile général,,,Surgery,Text,,,,,,,,,,,
10b59489-8669-4d92-ab4a-086b74e24c85,,,Local projectile extraction,Extraction de projectile local,Local projectile extraction,Extraction de projectile local,,,Surgery,Text,,,,,,,,,,,
0ac96b0e-0537-4057-a8cd-2c9f5ddfaf4d,,,Spine projectile extraction / sedation,Extraction de projectile rachi / sédation,Spine projectile extraction / sedation,Extraction de projectile rachi / sédation,,,Surgery,Text,,,,,,,,,,,
a6325c0b-ca20-43c7-8af5-4513ad367a89,,,Extraction de projectile/Tête,Extraction de projectile/Tête,Extraction de projectile/Tête,Extraction de projectile/Tête,,,Surgery,Text,,,,,,,,,,,
b9106e1a-a318-4642-b221-d3edf8811dd4,,,Extraction de projectile/Cou,Extraction de projectile/Cou,Extraction de projectile/Cou,Extraction de projectile/Cou,,,Surgery,Text,,,,,,,,,,,
4426413f-6fc6-4476-bdec-4de7a9760113,,,Extraction de projectile/Cage thoracique,Extraction de projectile/Cage thoracique,Extraction de projectile/Cage thoracique,Extraction de projectile/Cage thoracique,,,Surgery,Text,,,,,,,,,,,
db0947a5-683f-4210-a8b0-fdcfeabbb2cb,,,Extraction de projectile/Cavité abdominale,Extraction de projectile/Cavité abdominale,Extraction de projectile/Cavité abdominale,Extraction de projectile/Cavité abdominale,,,Surgery,Text,,,,,,,,,,,
bdedc945-2ae3-4a99-a7ec-dd4a11c1bc4c,,,Extraction de projectile/Bassin (Orthopedie),Extraction de projectile/Bassin (Orthopedie),Extraction de projectile/Bassin (Orthopedie),Extraction de projectile/Bassin (Orthopedie),,,Surgery,Text,,,,,,,,,,,
031cf01d-3c6b-408b-98c4-06d998a1fecd,,,Extraction de projectile/Membres supérieurs,Extraction de projectile/Membres supérieurs,Extraction de projectile/Membres supérieurs,Extraction de projectile/Membres supérieurs,,,Surgery,Text,,,,,,,,,,,
382240e7-2790-488f-b707-e9e86ce3ddbb,,,Extraction de projectile/Membres inférieurs,Extraction de projectile/Membres inférieurs,Extraction de projectile/Membres inférieurs,Extraction de projectile/Membres inférieurs,,,Surgery,Text,,,,,,,,,,,
d8c740f1-f613-41db-b72d-60a2cce1db5b,,,Extraction de projectile/Région anale,Extraction de projectile/Région anale,Extraction de projectile/Région anale,Extraction de projectile/Région anale,,,Surgery,Text,,,,,,,,,,,
c95238bf-0bbb-4f21-adf5-90dfe7453e82,,,Fascite Necrosante (Débridement et lavage-1ère interv.),Fascite Necrosante (Débridement et lavage-1ère interv.),Fascite Necrosante (Débridement et lavage-1ère interv.),Fascite Necrosante (Débridement et lavage-1ère interv.),,,Surgery,Text,,,,,,,,,,,
9c00f14c-1cec-494a-8ae2-2e6e9f10b881,,,Fascite Necrosante (Débridement et lavage-Reprise),Fascite Necrosante (Débridement et lavage-Reprise),Fascite Necrosante (Débridement et lavage-Reprise),Fascite Necrosante (Débridement et lavage-Reprise),,,Surgery,Text,,,,,,,,,,,
8350f01e-884c-4513-a290-54484658d14f,,,Fissure anale/Sphincterotomie,Fissure anale/Sphincterotomie,Fissure anale/Sphincterotomie,Fissure anale/Sphincterotomie,,,Surgery,Text,,,,,,,,,,,
5f5d2fa7-80bd-448b-abc4-e7e971b2851d,,,Fistule - Reparation anale,Fistule - Reparation anale,Fistule - Reparation anale,Fistule - Reparation anale,,,Surgery,Text,,,,,,,,,,,
7d7260b9-4b18-49c1-9d93-1612433a8688,,,Fissurectomy,Fissurectomie,Fissurectomy,Fissurectomie,,,Surgery,Text,,,,,,,,,,,
4c68fd1b-8248-407e-bc9e-cb3306d05e7d,,,Penile frenectomy,Frenectomie du penis,Penile frenectomy,Frenectomie du penis,,,Surgery,Text,,,,,,,,,,,
f59ca401-8005-4a60-881e-e31f427c9361,,,Sublingual frenectomy,Frenectomie sous linguale,Sublingual frenectomy,Frenectomie sous linguale,,,Surgery,Text,,,,,,,,,,,
d49a6d2a-cc2e-4828-b864-328b2b6dbd6f,,,Gastrectomie,Gastrectomie,Gastrectomie,Gastrectomie,,,Surgery,Text,,,,,,,,,,,
bafe466a-d346-4b32-81c6-b4dd4bb58edb,,,Partial gastrectomy,Gastrectomie partielle,Partial gastrectomy,Gastrectomie partielle,,,Surgery,Text,,,,,,,,,,,
0581bfaf-863c-4f64-91cc-1ca6aaa7ede4,,,Total gastrectomy,Gastrectomie totale,Total gastrectomy,Gastrectomie totale,,,Surgery,Text,,,,,,,,,,,
79f29d2d-1822-4231-99b6-1d2d47f85dd1,,,Gastrostomy,Gastrostomie,Gastrostomy,Gastrostomie,,,Surgery,Text,,,,,,,,,,,
756c3a7a-37f0-4ae9-aee4-2a344c2b9ec7,,,Feeding gastrostomy,Gastrostomie d alimentation,Feeding gastrostomy,Gastrostomie d alimentation,,,Surgery,Text,,,,,,,,,,,
b06f6784-c716-4d40-a321-e97c49c6e3ea,,,Thin skin grafting 10-25,Greffe de peau mince 10-25,Thin skin grafting 10-25,Greffe de peau mince 10-25,,,Surgery,Text,,,,,,,,,,,
7231df2e-8a40-46c9-b399-e33f59e4abff,,,Thin skin grafting 25-50,Greffe de peau mince 25-50,Thin skin grafting 25-50,Greffe de peau mince 25-50,,,Surgery,Text,,,,,,,,,,,
fe911aea-c2ca-4ca5-9b99-0409f63679e4,,,Thin skin grafting 50-100 general,Greffe de peau mince 50-100 général,Thin skin grafting 50-100 general,Greffe de peau mince 50-100 général,,,Surgery,Text,,,,,,,,,,,
d6814e97-04f6-4538-baa1-1e2befdf67ef,,,Thin skin grafting 50-100 spine / sedation,Greffe de peau mince 50-100 rachi / sédation,Thin skin grafting 50-100 spine / sedation,Greffe de peau mince 50-100 rachi / sédation,,,Surgery,Text,,,,,,,,,,,
3b4ed5bf-e967-4db2-aca2-27152c43628c,,,Greffe de peau mince,Greffe de peau mince,Greffe de peau mince,Greffe de peau mince,,,Surgery,Text,,,,,,,,,,,
31d0bb43-88f4-4e1c-ba13-b7b7319ee74b,,,Gynecomastie,Gynecomastie,Gynecomastie,Gynecomastie,,,Surgery,Text,,,,,,,,,,,
d0de8250-bc78-4440-9eb7-9a599872da6c,,,Hemi arthropastie de la hanche,Hemi arthropastie de la hanche,Hemi arthropastie de la hanche,Hemi arthropastie de la hanche,,,Surgery,Text,,,,,,,,,,,
d8c485a0-a2ad-4801-8af0-10e0af9c857b,,,Hemicolectomie droite ou G,Hemicolectomie droite ou G,Hemicolectomie droite ou G,Hemicolectomie droite ou G,,,Surgery,Text,,,,,,,,,,,
8a3c0f83-33cb-49ff-a4d6-001bbe709274,,,Hemi colectomy,Hemicolectomie,Hemi colectomy,Hemicolectomie,,,Surgery,Text,,,,,,,,,,,
bab8709f-3547-40f3-a1a2-94d7ce65e783,,,Hemi right or left thyroidectomy,HemiThyroidectomie droite ou gauche,Hemi right or left thyroidectomy,HemiThyroidectomie droite ou gauche,,,Surgery,Text,,,,,,,,,,,
76ea7573-97da-4cfc-a8cb-1fffa0126cde,,,General hemorrhoidectomy,Hémorroidectomie générals,General hemorrhoidectomy,Hémorroidectomie général,,,Surgery,Text,,,,,,,,,,,
2604ba25-b799-44a4-9bbc-0ab16dda51d7,,,"Hemorrhoidectomy, spine / sedation",Hémorroidectomie rachi / sédation,"Hemorrhoidectomy, spine / sedation",Hémorroidectomie rachi / sédation,,,Surgery,Text,,,,,,,,,,,
33270591-3c80-4216-9c84-01911a43fd20,,,Hepatectomy,Hepatectomie,Hepatectomy,Hepatectomie,,,Surgery,Text,,,,,,,,,,,
5054ecd9-c870-4a01-9b31-49e08f7e18e7,,,Inguinal hernia strangulated spine,Hernie inguinale étranglée rachi,Inguinal hernia strangulated spine,Hernie inguinale étranglée rachi,,,Surgery,Text,,,,,,,,,,,
7b698b39-fb83-4ea8-a8b6-a0cf6ad123d6,,,Strangulated inguinal hernia sedation / general,Hernie inguinale étranglée sédation / général,Strangulated inguinal hernia sedation / general,Hernie inguinale étranglée sédation / général,,,Surgery,Text,,,,,,,,,,,
336048b5-aea4-4589-bed9-6f0c20cf20af,,,Bilateral inguinal hernioplasty,Hernioplastie inguinale bilaterale,Bilateral inguinal hernioplasty,Hernioplastie inguinale bilaterale,,,Surgery,Text,,,,,,,,,,,
67fc402e-f60b-49e7-b014-257f1bf7d37b,,,Unilateral inguinal hernioplasty,Hernioplastie inguinale unilaterale,Unilateral inguinal hernioplasty,Hernioplastie inguinale unilaterale,,,Surgery,Text,,,,,,,,,,,
b8851acc-d7e6-4855-b609-2deb030d7911,,,Recurrent hernioplasty,Hernioplastie recidive,Recurrent hernioplasty,Hernioplastie recidive,,,Surgery,Text,,,,,,,,,,,
28662d31-8c46-4a51-b6d1-72071dceecc2,,,Spine epigastric herniorrhaphy,Herniorraphie epigastrique rachi,Spine epigastric herniorrhaphy,Herniorraphie epigastrique rachi,,,Surgery,Text,,,,,,,,,,,
6feec20a-d98c-4a6a-8daf-6c8ab2fcc58f,,,Epigastric herniorrhaphy sedation / general,Herniorraphie epigastrique sédation / général,Epigastric herniorrhaphy sedation / general,Herniorraphie epigastrique sédation / général,,,Surgery,Text,,,,,,,,,,,
1aa4eede-e4a2-4709-9d65-56447eb2efa5,,,Spinal incisional herniorrhaphy,Herniorraphie incisionnelle rachi,Spinal incisional herniorrhaphy,Herniorraphie incisionnelle rachi,,,Surgery,Text,,,,,,,,,,,
ac9b6d73-535e-48ea-a1fa-8d1f7d1f104d,,,Incisional herniorrhaphy sedation / general,Herniorraphie incisionnelle sédation / générale,Incisional herniorrhaphy sedation / general,Herniorraphie incisionnelle sédation / générale,,,Surgery,Text,,,,,,,,,,,
8855e99d-410a-4c0f-be8e-7079810f4c79,,,Bilateral inguinal herniorrhaphy,Herniorraphie inguinale bilaterale,Bilateral inguinal herniorrhaphy,Herniorraphie inguinale bilaterale,,,Surgery,Text,,,,,,,,,,,
22cfbc93-7254-4492-82c0-db433a517ca2,,,Unilateral inguinal herniorrhaphy,Herniorraphie inguinale unilaterale,Unilateral inguinal herniorrhaphy,Herniorraphie inguinale unilaterale,,,Surgery,Text,,,,,,,,,,,
4165aaf0-8d79-4d31-aa39-e1195bb13bbb,,,Strangled umbilical herniorraphy,Herniorraphie ombilicale étranglée,Strangled umbilical herniorraphy,Herniorraphie ombilicale étranglée,,,Surgery,Text,,,,,,,,,,,
cef9522d-012b-4e09-b2cf-be19cb74f3f3,,,Bilateral herniotomy,Herniotomie bilaterale,Bilateral herniotomy,Herniotomie bilaterale,,,Surgery,Text,,,,,,,,,,,
ea169a1f-c593-4b4e-b498-f93455f4eaa3,,,Unilateral herniotomy,Herniotomie unilaterale,Unilateral herniotomy,Herniotomie unilaterale,,,Surgery,Text,,,,,,,,,,,
8f320833-becc-49a1-b02e-584d8001e41f,,,Umbilical herniorrphy spine,Hernorraphie ombilicale rachi,Umbilical herniorrphy spine,Hernorraphie ombilicale rachi,,,Surgery,Text,,,,,,,,,,,
9732c0da-2708-4dc3-8efb-9bddea136cc9,,,Umbilical herniorrhaphy sedation / general,Hernorraphie ombilicale sédation / général,Umbilical herniorrhaphy sedation / general,Hernorraphie ombilicale sédation / général,,,Surgery,Text,,,,,,,,,,,
5df5f6eb-a679-4afc-ae17-a2fbbe760620,,,Bilateral hydrocelectomy,Hydrocelectomie bilaterale,Bilateral hydrocelectomy,Hydrocelectomie bilaterale,,,Surgery,Text,,,,,,,,,,,
71aeef38-c795-4f1c-94c8-a6229a6f162b,,,Unilateral hydrocelectomy,Hydrocelectomie unilaterale,Unilateral hydrocelectomy,Hydrocelectomie unilaterale,,,Surgery,Text,,,,,,,,,,,
4f9570da-5ed1-4ff7-956c-357c63ff379a,,,Hemorroides,Hemorroides,Hemorroides,Hemorroides,,,Surgery,Text,,,,,,,,,,,
ba0e6fb2-8ed1-4329-826f-09cbf9eff59f,,,Hepatorraphy,Hepatorraphie,Hepatorraphy,Hepatorraphie,,,Surgery,Text,,,,,,,,,,,
e91eb72a-5190-4818-8a93-c8f8d8fb429c,,,Hernioraphie ombilicale,Hernioraphie ombilicale,Hernioraphie ombilicale,Hernioraphie ombilicale,,,Surgery,Text,,,,,,,,,,,
59e097ce-db6c-4c2b-9c1a-066ba525e796,,,Herniorraphie incisionelle  etranglee,Herniorraphie incisionelle  etranglee,Herniorraphie incisionelle  etranglee,Herniorraphie incisionelle  etranglee,,,Surgery,Text,,,,,,,,,,,
ad8dbe0a-6629-469e-a6cb-1dc9b9bcef63,,,Herniorraphie inguinale uni/ bilateral sans resection,Herniorraphie inguinale uni/ bilateral sans resection,Herniorraphie inguinale uni/ bilateral sans resection,Herniorraphie inguinale uni/ bilateral sans resection,,,Surgery,Text,,,,,,,,,,,
9ef2aecb-cfe4-4af1-9ecb-21c2a37fac74,,,Herniorraphie inguinale uni/ bilateral avec resection,Herniorraphie inguinale uni/ bilateral avec resection,Herniorraphie inguinale uni/ bilateral avec resection,Herniorraphie inguinale uni/ bilateral avec resection,,,Surgery,Text,,,,,,,,,,,
0a68eef3-2894-4b26-9a18-a922e5fe26c2,,,Herniorraphie ombilicale etranglee,Herniorraphie ombilicale etranglee,Herniorraphie ombilicale etranglee,Herniorraphie ombilicale etranglee,,,Surgery,Text,,,,,,,,,,,
927bedd7-5ef4-478e-9fe7-7ce17a636aef,,,Herniorraphie ombilicale etranglee/ avec resection anestomose,Herniorraphie ombilicale etranglee/ avec resection anestomose,Herniorraphie ombilicale etranglee/ avec resection anestomose,Herniorraphie ombilicale etranglee/ avec resection anestomose,,,Surgery,Text,,,,,,,,,,,
86dd5c5a-e3ac-44f0-b24f-01a215522118,,,Hydrocele bilateral,Hydrocele bilateral,Hydrocele bilateral,Hydrocele bilateral,,,Surgery,Text,,,,,,,,,,,
83a46f7a-1317-4c0f-aa58-d518ed1aebe2,,,Hydrocele et Kyste du cordon cure,Hydrocele et Kyste du cordon cure,Hydrocele et Kyste du cordon cure,Hydrocele et Kyste du cordon cure,,,Surgery,Text,,,,,,,,,,,
050aad59-4674-4804-88d4-c5d572233ba5,,,Hydrocele unilateral,Hydrocele unilateral,Hydrocele unilateral,Hydrocele unilateral,,,Surgery,Text,,,,,,,,,,,
e1fb669a-a895-40a1-a54d-689f7ec05e52,,,Ileora,Ileoraphie,Ileora,Ileoraphie,,,Surgery,Text,,,,,,,,,,,
3357fae0-b42b-470a-8d11-237090b90616,,,Ileostomy,Ileostomie,Ileostomy,Ileostomie,,,Surgery,Text,,,,,,,,,,,
768863a3-efe0-4554-8e9e-6615ecb7f51b,,,Incision & drainage abces,Incision & drainage abces,Incision & drainage abces,Incision & drainage abces,,,Surgery,Text,,,,,,,,,,,
6d5b3f0b-0e30-40c6-8ba3-ce1ff092859e,,,Incision / local phlegmon,Incision / phlegmon local,Incision / local phlegmon,Incision / phlegmon local,,,Surgery,Text,,,,,,,,,,,
693d4787-6188-4c59-9a52-06a29b7bc1e9,,,Incision / phlegmon sedation / spine / general,Incision / phlegmon sédation / rachi / général,Incision / phlegmon sedation / spine / general,Incision / phlegmon sédation / rachi / général,,,Surgery,Text,,,,,,,,,,,
0a0646c3-f4cc-44d2-bdf1-0290e304fefa,,,Major keloid infiltration,Infiltration cheloidienne majeur,Major keloid infiltration,Infiltration cheloidienne majeur,,,Surgery,Text,,,,,,,,,,,
e7051d41-e0a9-4c6a-ac72-df81c96b2e0a,,,Minor keloid infiltration,Infiltration cheloidienne mineur,Minor keloid infiltration,Infiltration cheloidienne mineur,,,Surgery,Text,,,,,,,,,,,
dfd1a1d4-245c-405b-9652-9435f23fe2be,,,Multiple keloid infiltration,Infiltration cheoidienne multiple,Multiple keloid infiltration,Infiltration cheoidienne multiple,,,Surgery,Text,,,,,,,,,,,
8fccddbc-62f8-4b1f-98ee-4433391ccd66,,,Invagination intestinale - Desinvagination,Invagination intestinale - Desinvagination,Invagination intestinale - Desinvagination,Invagination intestinale - Desinvagination,,,Surgery,Text,,,,,,,,,,,
918b51bf-dab3-4b7a-a413-486dbdefcdcb,,,Invagination intestinale - Résection +Anastomose,Invagination intestinale - Résection +Anastomose,Invagination intestinale - Résection +Anastomose,Invagination intestinale - Résection +Anastomose,,,Surgery,Text,,,,,,,,,,,
bf705c07-a7db-4128-8ff9-e779ae512a89,,,Jejunorrha,Jejunorraphie,Jejunorrha,Jejunorraphie,,,Surgery,Text,,,,,,,,,,,
c76ee79f-b22c-40c3-9d35-83e776b88511,,,Feeding jejunostomy,Jejunostomie d'alimentation,Feeding jejunostomy,Jejunostomie d'alimentation,,,Surgery,Text,,,,,,,,,,,
2a82cdc2-3a7a-47a4-a192-9c1294e6ce81,,,Kyste du cordon simple,Kyste du cordon simple,Kyste du cordon simple,Kyste du cordon simple,,,Surgery,Text,,,,,,,,,,,
8f720b9d-8b4d-4868-bb49-92ac2d2c59e2,,,Kyste Exerese,Kyste Exerese,Kyste Exerese,Kyste Exerese,,,Surgery,Text,,,,,,,,,,,
2d6a36ae-2aeb-476f-8114-a960ede6fbaf,,,Cystectomy,Kystectomie,Cystectomy,Kystectomie,,,Surgery,Text,,,,,,,,,,,
984c4998-ee21-49ab-84ad-298a110c0cff,,,Local synovial teno cystectomy,Kystectomie tenosynovial local,Local synovial teno cystectomy,Kystectomie tenosynovial local,,,Surgery,Text,,,,,,,,,,,
6be8a852-aeb2-4461-a732-3c865bfee7c6,,,Synovial spine / general teno cystectomy,Kystectomie tenosynovial rachi / général,Synovial spine / general teno cystectomy,Kystectomie tenosynovial rachi / général,,,Surgery,Text,,,,,,,,,,,
97887368-15d3-4783-9fb2-94a66c783ed0,,,Synovial teno cystectomy sedation,Kystectomie tenosynovial sédation,Synovial teno cystectomy sedation,Kystectomie tenosynovial sédation,,,Surgery,Text,,,,,,,,,,,
37483c85-6081-4c07-8515-29b80463f91c,,,Thyroglossal cystectomy,Kystectomie thyreoglossal,Thyroglossal cystectomy,Kystectomie thyreoglossal,,,Surgery,Text,,,,,,,,,,,
683639b3-7972-451a-b995-7db24c77ca3d,,,Laparotomie diagnostique,Laparotomie diagnostique,Laparotomie diagnostique,Laparotomie diagnostique,,,Surgery,Text,,,,,,,,,,,
db1e0d1b-faed-4383-97db-ab54bc483758,,,Exploratory laparotomy,Laparotomie exploratrice,Laparotomie Exploratory laparotomy,Laparotomie exploratrice,,,Surgery,Text,,,,,,,,,,,
3a52dc56-87e1-4473-ae17-21673f645751,,,Laparotomie Exploratrice avec resection ou reparation,Laparotomie Exploratrice avec resection ou reparation,Laparotomie Exploratrice avec resection ou reparation,Laparotomie Exploratrice avec resection ou reparation,,,Surgery,Text,,,,,,,,,,,
d3543e8f-1561-43be-9f96-2b1bed0d83fe,,,Laryngoscopy,Laryngoscopie,Laryngoscopy,Laryngoscopie,,,Surgery,Text,,,,,,,,,,,
ade79417-7483-4186-8327-17465dab7f3d,,,Lumpectomy,Lympectomie,Lumpectomy,Lympectomie,,,Surgery,Text,,,,,,,,,,,
055113b9-6763-4bb2-bedc-08b542dde53a,,,Lipome Exerese,Lipome Exerese,Lipome Exerese,Lipome Exerese,,,Surgery,Text,,,,,,,,,,,
b767429c-8d5e-4cf2-a4e5-a25add81d78f,,,Lithiase renale,Lithiase renale,Lithiase renale,Lithiase renale,,,Surgery,Text,,,,,,,,,,,
c913ee52-b853-4042-80ef-a771f9ff0729,,,Bilateral mastectomy,Mammectomie bilateral,Bilateral mastectomy,Mammectomie bilateral,,,Surgery,Text,,,,,,,,,,,
1c537af0-ceb2-405b-835f-325ed9b61a3f,,,Unilateral mastectomy,Mammectomie unilateral,Unilateral mastectomy,Mammectomie unilateral,,,Surgery,Text,,,,,,,,,,,
fb2fbd5d-a16f-4e97-a898-d6f1936c0c2a,,,Mastectomy with bilateral lymph node dissection,Mastectomie avec curage ganglionnaire bilateral,Mastectomy with bilateral lymph node dissection,Mastectomie avec curage ganglionnaire bilateral,,,Surgery,Text,,,,,,,,,,,
3dcc35e2-6bb1-4ea2-9276-8c23f5d8f5d5,,,Mastectomy with unilateral lymph node dissection,Mastectomie avec curage ganglionnaire unilateral,Mastectomy with unilateral lymph node dissection,Mastectomie avec curage ganglionnaire unilateral,,,Surgery,Text,,,,,,,,,,,
5fe75a61-f12b-4276-b9d1-3f3a780614c7,,,Bilateral single mastectomy,Mastectomie simple bilateral,Bilateral single mastectomy,Mastectomie simple bilateral,,,Surgery,Text,,,,,,,,,,,
1256ac99-caff-4464-8543-8adf16ce4399,,,Unilateral simple mastectomy,Mastectomie simple unilateral,Unilateral simple mastectomy,Mastectomie simple unilateral,,,Surgery,Text,,,,,,,,,,,
0f7ac5ea-adf2-4a4a-b032-98d7f225dddf,,,Flattening,Mise à plat,Flattening,Mise à plat,,,Surgery,Text,,,,,,,,,,,
1ec0ba02-fb34-4e8d-8c14-8f584f39ceab,,,Mucopexy,Mucopexie,Mucopexy,Mucopexie,,,Surgery,Text,,,,,,,,,,,
1dade6e6-fbcc-425a-ae2b-6a33fbb0321d,,,Marisque hemorroidaire,Marisque hemorroidaire,Marisque hemorroidaire,Marisque hemorroidaire,,,Surgery,Text,,,,,,,,,,,
63e0de56-5bc4-4cc2-853c-730b0935fc7d,,,Mastectonie + Flapp,Mastectonie + Flapp,Mastectonie + Flapp,Mastectonie + Flapp,,,Surgery,Text,,,,,,,,,,,
c77a4532-2329-4d05-a16a-fc39f1ad898c,,,Mastectonie de propreté,Mastectonie de propreté,Mastectonie de propreté,Mastectonie de propreté,,,Surgery,Text,,,,,,,,,,,
7ae859e8-8ad2-4cc0-9a38-4fe7160b0b88,,,Mastectonie radicale,Mastectonie radicale,Mastectonie radicale,Mastectonie radicale,,,Surgery,Text,,,,,,,,,,,
5c35ffa9-3751-4e27-b4d6-4e0f8d1f8c46,,,Nephrectomie,Nephrectomie,Nephrectomie,Nephrectomie,,,Surgery,Text,,,,,,,,,,,
11552a69-f641-4c92-ab5b-b1256f919989,,,Occlusion avec resection colique,Occlusion avec resection colique,Occlusion avec resection colique,Occlusion avec resection colique,,,Surgery,Text,,,,,,,,,,,
0128ed2a-aa82-4f8e-ad3d-a26e1764bd99,,,Occlusion sans resection,Occlusion sans resection,Occlusion sans resection,Occlusion sans resection,,,Surgery,Text,,,,,,,,,,,
7eefedbb-1085-451c-a578-0a0a9ae9d40f,,,Occlusion sans resection grele,Occlusion sans resection grele,Occlusion sans resection grele,Occlusion sans resection grele,,,Surgery,Text,,,,,,,,,,,
8c6bcc4d-2932-4717-b277-947e411cf315,,,Onycectomie,Onycectomie,Onycectomie,Onycectomie,,,Surgery,Text,,,,,,,,,,,
b476e1ab-547d-4553-a207-82629d8f8f08,,,Partial onycectomy,Onycectomie partielle,Partial onycectomy,Onycectomie partielle,,,Surgery,Text,,,,,,,,,,,
03071ae6-4c10-4608-a221-ad3c76f483ca,,,Local bilateral partial or Total onycectomy,Onycectomie partielle ou Totale bilatérale local,Local bilateral partial or Total onycectomy,Onycectomie partielle ou Totale bilatérale local,,,Surgery,Text,,,,,,,,,,,
4acf3052-7afe-4dc3-bc24-25f44e8f6a03,,,Bilateral partial or Total onycectomy sedation,Onycectomie partielle ou Totale bilatérale sédation,Bilateral partial or Total onycectomy sedation,Onycectomie partielle ou Totale bilatérale sédation,,,Surgery,Text,,,,,,,,,,,
c0e8d8bf-bec1-416f-afd5-3300bd7a5145,,,Unilateral total onycectomy,Onycectomie totale unilatérale,Unilateral total onycectomy,Onycectomie totale unilatérale,,,Surgery,Text,,,,,,,,,,,
9c4c0486-c4e1-4c42-8322-c8925186e84e,,,Bilateral orchydopexy,Orchydopexie bilatérale,Bilateral orchydopexy,Orchydopexie bilatérale,,,Surgery,Text,,,,,,,,,,,
8f304468-0e9d-4436-821a-d76853fade0c,,,Unilateral orchydopexy,Orchydopexie unilatérale,Unilateral orchydopexy,Orchydopexie unilatérale,,,Surgery,Text,,,,,,,,,,,
e0eddcab-efe5-47f1-91f2-c2a6243fb2a6,,,Partial pancreatectomy,Pancreatectomie partielle,Partial pancreatectomy,Pancreatectomie partielle,,,Surgery,Text,,,,,,,,,,,
da53eeee-600d-4617-aa99-b54402803b23,,,Total pancreatectomy,Pancreatectomie totale,Total pancreatectomy,Pancreatectomie totale,,,Surgery,Text,,,,,,,,,,,
c6cddf7c-99d0-4dec-9d96-117f89868b4d,,,Fatty major dressing,Pansement majeur gras,Fatty major dressing,Pansement majeur gras,,,Surgery,Text,,,,,,,,,,,
de020930-8828-481d-950f-f773abf9b89d,,,Wet major dressing,Pansement majeur humide,Wet major dressing,Pansement majeur humide,,,Surgery,Text,,,,,,,,,,,
6786472b-8689-4406-bda1-0320ac539074,,,Dry major dressing other,Pansement majeur sec autres,Dry major dressing other,Pansement majeur sec autres,,,Surgery,Text,,,,,,,,,,,
baa81c2f-f419-48c6-9121-2c9ae205f987,,,General dry major dressing,Pansement majeur sec général,General dry major dressing,Pansement majeur sec général,,,Surgery,Text,,,,,,,,,,,
2ff2ed2a-d3bc-4ee7-97ac-99464c66fd53,,,Rashi dry major dressing,Pansement majeur sec rachi,Rashi dry major dressing,Pansement majeur sec rachi,,,Surgery,Text,,,,,,,,,,,
ff6a0f16-9bf1-4f1f-a4b4-dc8d2fcd9d04,,,Dry major dressing sedation,Pansement majeur sec sédation,Dry major dressing sedation,Pansement majeur sec sédation,,,Surgery,Text,,,,,,,,,,,
59307513-7e53-4629-a624-da397bef0351,,,Minor fat bandage,Pansement mineur gras,Minor fat bandage,Pansement mineur gras,,,Surgery,Text,,,,,,,,,,,
c32247ed-5899-4b05-9af6-df2ee18644af,,,Wet minor dressing,Pansement mineur humide,Wet minor dressing,Pansement mineur humide,,,Surgery,Text,,,,,,,,,,,
1e23c439-be80-4e67-91bf-9653e30c3cb2,,,Dry minor dressing 10-50 others,Pansement mineur sec 10-50 autres,Dry minor dressing 10-50 others,Pansement mineur sec 10-50 autres,,,Surgery,Text,,,,,,,,,,,
f8e2ec91-238f-437d-a63c-aa4d40e460e7,,,Dry minor dressing 10-50 rashi / general,Pansement mineur sec 10-50 rachi / général,Dry minor dressing 10-50 rashi / general,Pansement mineur sec 10-50 rachi / général,,,Surgery,Text,,,,,,,,,,,
845608aa-39fc-4d56-bf81-a3898af3d90b,,,Dry minor dressing 10-50 sedation,Pansement mineur sec 10-50 sédation,Dry minor dressing 10-50 sedation,Pansement mineur sec 10-50 sédation,,,Surgery,Text,,,,,,,,,,,
1201586f-3302-4091-9e7e-9f6ff28f7498,,,Partial parotidectomy,Parotidectomie partielle,Partial parotidectomy,Parotidectomie partielle,,,Surgery,Text,,,,,,,,,,,
eea54c58-126d-4d29-a2d3-22dd9c4a9691,,,Total parotidectomy,Parotidectomie totale,Total parotidectomy,Parotidectomie totale,,,Surgery,Text,,,,,,,,,,,
a1e4a707-2de5-45cc-b548-1b86bae4423c,,,Peritonite appendiculaire,Peritonite appendiculaire,Peritonite appendiculaire,Peritonite appendiculaire,,,Surgery,Text,,,,,,,,,,,
ceaf7353-f2ea-4daf-a7e6-69f24ca0f43c,,,Incision & drainage Phlegmon,Incision & drainage Phlegmon,Incision & drainage Phlegmon,Incision & drainage Phlegmon,,,Surgery,Text,,,,,,,,,,,
0ddaa144-2ed1-43f1-9151-e22bfe237db2,,,Phrenorrhaphy general,Phrenorraphie général,Phrenorrhaphy general,Phrenorraphie général,,,Surgery,Text,,,,,,,,,,,
feb7625d-8c54-4b27-ae6d-5175515f960b,,,Phrenorrhaphy sedation,Phrenorraphie sédation,Phrenorrhaphy sedation,Phrenorraphie sédation,,,Surgery,Text,,,,,,,,,,,
c0c487a3-dbfa-4034-8459-178522ba2a82,,,Vascular wound,Plaie vasculaire,Vascular wound,Plaie vasculaire,,,Surgery,Text,,,,,,,,,,,
3f791c10-6e7b-49f5-88f7-007b43e6e1b1,,,Protopexy,Protopexie,Protopexy,Protopexie,,,Surgery,Text,,,,,,,,,,,
ea7fac56-ba72-4106-826e-558b61614dff,,,Pylorotomy / pyloromyotomy,Pylorotomie / pyloromyotomie,Pylorotomy / pyloromyotomy,Pylorotomie / pyloromyotomie,,,Surgery,Text,,,,,,,,,,,
e74b711c-0413-49ee-89c0-4bdb5523a245,,,Quadrantectomy,Quadrantectomie,Quadrantectomy,Quadrantectomie,,,Surgery,Text,,,,,,,,,,,
237a4537-ce79-4672-9328-3889e8745167,,,Rectal prolapsus reparation,Rectal prolapsus reparation,Rectal prolapsus reparation,Rectal prolapsus reparation,,,Surgery,Text,,,,,,,,,,,
52653d4f-c8cc-4c5e-9531-e3747da9c5d4,,,Rectocele,Rectocele,Rectocele,Rectocele,,,Surgery,Text,,,,,,,,,,,
0cc7c3ca-7605-482e-b2b9-94b3f0a784b5,,,Rectopexy,Rectopexie,Rectopexy,Rectopexie,,,Surgery,Text,,,,,,,,,,,
8a66be2a-f0a6-489b-89a5-913e4424e911,,,"Reintegration of stoma (jejuno, ileale, colic) with laparotomy","Reintegration stomie (jejuno, ileale, colique) avec laparotomie","Reintegration of stoma (jejuno, ileale, colic) with laparotomy","Reintegration stomie (jejuno, ileale, colique) avec laparotomie",,,Surgery,Text,,,,,,,,,,,
e1a6055a-cac4-46c5-80fc-5ebbc55279de,,,"Reintegration of ostomy (jejuno, ileale, colic) without laparotomy","Reintegration stomie (jejuno, ileale, colique) sans laparatomie","Reintegration of ostomy (jejuno, ileale, colic) without laparotomy","Reintegration stomie (jejuno, ileale, colique) sans laparatomie",,,Surgery,Text,,,,,,,,,,,
ac683ec1-9f97-4b6d-96e2-26c5c596b3d4,,,Wound repair 25 to 50 local,Reparation de plaie 25 a 50 local,Wound repair 25 to 50 local,Reparation de plaie 25 a 50 local,,,Surgery,Text,,,,,,,,,,,
5e0242b1-2873-4d1b-b7ae-18664bc0d895,,,Wound repair 25 to 51 sedation,Reparation de plaie 25 a 51 sédation,Wound repair 25 to 51 sedation,Reparation de plaie 25 a 51 sédation,,,Surgery,Text,,,,,,,,,,,
6ab5d537-f1e3-48a7-b6df-859fe7cc70d8,,,Wound repair 25 to 52 rashi,Reparation de plaie 25 a 52 rachi,Wound repair 25 to 52 rashi,Reparation de plaie 25 a 52 rachi,,,Surgery,Text,,,,,,,,,,,
d4c7635d-ee1a-4e75-abd3-070760c6955d,,,Wound repair 25 to 53 general,Reparation de plaie 25 a 53 général,Wound repair 25 to 53 general,Reparation de plaie 25 a 53 général,,,Surgery,Text,,,,,,,,,,,
9d188449-d4d5-4abe-93a1-c6ef393dbfe7,,,Wound repair from 10 to 25 local,Reparation plaie de 10 a 25 local,Wound repair from 10 to 25 local,Reparation plaie de 10 a 25 local,,,Surgery,Text,,,,,,,,,,,
3fb5c97f-21cd-42da-90a3-63b4391cb419,,,Wound repair from 10 to 26 sedation,Reparation plaie de 10 a 26 sédation,Wound repair from 10 to 26 sedation,Reparation plaie de 10 a 26 sédation,,,Surgery,Text,,,,,,,,,,,
2750255e-9e90-4bdf-bc2e-3bdd1f8f06ad,,,Wound repair from 10 to 27 rashi,Reparation plaie de 10 a 27 rachi,Wound repair from 10 to 27 rashi,Reparation plaie de 10 a 27 rachi,,,Surgery,Text,,,,,,,,,,,
16dea3e8-dd55-47eb-900b-e4e4efb3307e,,,Wound repair from 10 to 28 general,Reparation plaie de 10 a 28 général,Wound repair from 10 to 28 general,Reparation plaie de 10 a 28 général,,,Surgery,Text,,,,,,,,,,,
1d611137-6691-47d4-b822-1caa30f2f776,,,Wound repair >50% SC,Repartaion plaie >50 % de SC,Wound repair >50% SC,Repartaion plaie >50 % de SC,,,Surgery,Text,,,,,,,,,,,
64f81e3c-85a4-409e-8fb0-0642ba1b18bd,,,Laparotomy revision,Reprise laparotomie,Laparotomy revision,Reprise laparotomie,,,Surgery,Text,,,,,,,,,,,
e7c23ec7-93c0-412e-b592-98e9b4ed3cc6,,,"Anastomosis resection (jejunal jejunal, ileo ileale, colocolonic)","Resection anastomose (jejuno jejunale, ileo ileale, colo colique)","Anastomosis resection (jejunal jejunal, ileo ileale, colocolonic)","Resection anastomose (jejuno jejunale, ileo ileale, colo colique)",,,Surgery,Text,,,,,,,,,,,
19ac3557-3b36-4465-879c-1b8d50dead39,,,Reintegration Colostomie,Reintegration Colostomie,Reintegration Colostomie,Reintegration Colostomie,,,Surgery,Text,,,,,,,,,,,
9c4e3715-0c6e-4df0-abdd-98da3ff62ca4,,,Reparation eventration,Reparation eventration,Reparation eventration,Reparation eventration,,,Surgery,Text,,,,,,,,,,,
683abf72-f9d2-48a4-9adb-9b885123ff04,,,Reprise Dilation Anale (1ère intervention à l'HSC),Reprise Dilation Anale (1ère intervention à l'HSC),Reprise Dilation Anale (1ère intervention à l'HSC),Reprise Dilation Anale (1ère intervention à l'HSC),,,Surgery,Text,,,,,,,,,,,
669abc10-ed6b-4343-b3fd-845283170846,,,Reprise Dilation Anale (1ère intervention hors de l'HSC),Reprise Dilation Anale (1ère intervention hors de l'HSC),Reprise Dilation Anale (1ère intervention hors de l'HSC),Reprise Dilation Anale (1ère intervention hors de l'HSC),,,Surgery,Text,,,,,,,,,,,
d28a08aa-30e4-4e08-8a4d-392359d94bd2,,,Splenectomy,Splenectomie,Splenectomy,Splenectomie,,,Surgery,Text,,,,,,,,,,,
53f77b2c-62e2-4d79-b47e-784ae5f7542a,,,Lateral sphincterotomy,Sphincterotomie laterale,Lateral sphincterotomy,Sphincterotomie laterale,,,Surgery,Text,,,,,,,,,,,
b5caa85f-956d-4cf9-be2c-d2034b8af3a6,,,Hypertrophic stenosis of the pylorus,Stenose hypertrophique du pylore,Hypertrophic stenosis of the pylorus,Stenose hypertrophique du pylore,,,Surgery,Text,,,,,,,,,,,
8434d13e-51c0-4f1f-9683-d5c1c48fab82,,,Sternotomy,Sternotomie,Sternotomy,Sternotomie,,,Surgery,Text,,,,,,,,,,,
770a6c49-260a-48bc-8825-48c82c9c3854,,,Splenorrhaphy,Splenorraphie,Splenorrhaphy,Splenorraphie,,,Surgery,Text,,,,,,,,,,,
3b81f57a-2758-4253-82ce-fe643af633d9,,,Stenose Hyperthrophique du pylore,Stenose Hyperthrophique du pylore,Stenose Hyperthrophique du pylore,Stenose Hyperthrophique du pylore,,,Surgery,Text,,,,,,,,,,,
99431313-22cd-4e48-8f3e-21bcd5055d10,,,Thumb granuloma,Thumb granuloma,Thumb granuloma,Thumb granuloma,,,Surgery,Text,,,,,,,,,,,
1d63a8cb-7b2b-4c4a-836a-7b5693309d23,,,Thoracotomy,Thoracostomie,Thoracotomy,Thoracostomie,,,Surgery,Text,,,,,,,,,,,
1f815f35-933b-4bba-87b2-d56e2b32040b,,,Haemostasis thoracotomy,Thoracotomie d'Hemostase,Haemostasis thoracotomy,Thoracotomie d'Hemostase,,,Surgery,Text,,,,,,,,,,,
ab61260d-2a6d-4484-9aa0-28b16d512e64,,,Total thyroidectomy,Thyroidectomie totale,Total thyroidectomy,Thyroidectomie totale,,,Surgery,Text,,,,,,,,,,,
3355a151-7a72-4911-a50a-a84f8a7d2235,,,Selective tracheostomy,Tracheostomie selective,Selective tracheostomy,Tracheostomie selective,,,Surgery,Text,,,,,,,,,,,
01c02e0d-f707-4599-8a55-0f99ef18e35e,,,Emergency tracheostomy,Tracheostomie urgence,Emergency tracheostomy,Tracheostomie urgence,,,Surgery,Text,,,,,,,,,,,
5ba040f0-4a5a-4d1d-8eaf-dfcf9dd267f2,,,General lumpectomy,Tumorectomie général,General lumpectomy,Tumorectomie général,,,Surgery,Text,,,,,,,,,,,
1d03a6c3-ff8e-4ca0-ab08-99538ae00b6a,,,Local lumpectomy,Tumorectomie local,Local lumpectomy,Tumorectomie local,,,Surgery,Text,,,,,,,,,,,
f463c568-fc43-4425-b3c1-4af35e22fa72,,,Rashi lumpectomy,Tumorectomie rachi,Rashi lumpectomy,Tumorectomie rachi,,,Surgery,Text,,,,,,,,,,,
6b08fd25-c2fe-49f8-a87f-2ce1de124a6f,,,Lumpectomy sedation,Tumorectomie sédation,Lumpectomy sedation,Tumorectomie sédation,,,Surgery,Text,,,,,,,,,,,
9b113d30-00ac-45e1-bee9-098b9d542497,,,Thyroudectonie Totale,Thyroudectonie Totale,Thyroudectonie Totale,Thyroudectonie Totale,,,Surgery,Text,,,,,,,,,,,
b8c762b0-257f-4e9d-b1d8-6653be501cf7,,,Thyroidectonie subtotale,Thyroidectonie subtotale,Thyroidectonie subtotale,Thyroidectonie subtotale,,,Surgery,Text,,,,,,,,,,,
12eda9fe-b44a-48e9-b6be-49f85bddffa5,,,Tracheostomie,Tracheostomie,Tracheostomie,Tracheostomie,,,Surgery,Text,,,,,,,,,,,
a4bc5514-9e7b-4a92-a165-b64de5e30d79,,,Ulcere / perforé & suture patching,Ulcere / perforé & suture patching,Ulcere / perforé & suture patching,Ulcere / perforé & suture patching,,,Surgery,Text,,,,,,,,,,,
05efc5d9-73fd-4af8-b4e9-563ca091ed88,,,Perforated ulcer,Ulcus perfore,Perforated ulcer,Ulcus perfore,,,Surgery,Text,,,,,,,,,,,
6b744c88-90c2-40c2-9fa3-90ea12ca476c,,,Vagotomy,Vagotomie,Vagotomy,Vagotomie,,,Surgery,Text,,,,,,,,,,,
cc52f3af-a706-43ba-bf62-72fc7fa98f2d,,,Vagotomie & gastrogejunostomie,Vagotomie & gastrogejunostomie,Vagotomie & gastrogejunostomie,Vagotomie & gastrogejunostomie,,,Surgery,Text,,,,,,,,,,,
9acea618-3b5a-49c9-b032-143c032661e0,,,Vagotomie et Antrectomie,Vagotomie et Antrectomie,Vagotomie et Antrectomie,Vagotomie et Antrectomie,,,Surgery,Text,,,,,,,,,,,
b1d66eac-7de1-4264-974e-28f48b194279,,,Vagotomie Sélective et Pyloroplastie,Vagotomie Sélective et Pyloroplastie,Vagotomie Sélective et Pyloroplastie,Vagotomie Sélective et Pyloroplastie,,,Surgery,Text,,,,,,,,,,,
2467e748-7e5f-47b9-8e20-2cbc303258b3,,,Vagotomie Supra Sélective,Vagotomie Supra Sélective,Vagotomie Supra Sélective,Vagotomie Supra Sélective,,,Surgery,Text,,,,,,,,,,,
ba9e6301-e371-4590-869a-c534d494c8d1,,,Vagotomie Tronculaire et Dérivation,Vagotomie Tronculaire et Dérivation,Vagotomie Tronculaire et Dérivation,Vagotomie Tronculaire et Dérivation,,,Surgery,Text,,,,,,,,,,,
72fda838-1017-494e-b447-735da261dd97,,,"Vagotomie, Dérivation","Vagotomie, Dérivation","Vagotomie, Dérivation","Vagotomie, Dérivation",,,Surgery,Text,,,,,,,,,,,
772588da-bc8a-4e9a-8695-b84155a2c8c5,,,"Vagotomie, Pyloroplastie","Vagotomie, Pyloroplastie","Vagotomie, Pyloroplastie","Vagotomie, Pyloroplastie",,,Surgery,Text,,,,,,,,,,,
3fe50f8b-d97f-4834-8ad6-206753c984c7,,,Varices - Stripping,Varices - Stripping,Varices - Stripping,Varices - Stripping,,,Surgery,Text,,,,,,,,,,,
7eb72443-4679-4df2-8078-1e15b5c594f8,,,Vidéolaparoscopie,Vidéolaparoscopie,Vidéolaparoscopie,Vidéolaparoscopie,,,Surgery,Text,,,,,,,,,,,
831721f1-be87-4442-895c-3f7144a71294,,,Central venous line,Voie veineuse centrale,Central venous line,Voie veineuse centrale,,,Surgery,Text,,,,,,,,,,,
4fc9f2f7-f2df-4f90-b18e-9dccd37f82c3,,,Volvulis Sigmoïde Laparotomie avec resection,Volvulis Sigmoïde Laparotomie avec resection,Volvulis Sigmoïde Laparotomie avec resection,Volvulis Sigmoïde Laparotomie avec resection,,,Surgery,Text,,,,,,,,,,,
84bf1003-2f6d-41f5-b8ca-df75c4b1b5f9,,,Volvulis Sigmoïde Laparotomie sans resection,Volvulis Sigmoïde Laparotomie sans resection,Volvulis Sigmoïde Laparotomie sans resection,Volvulis Sigmoïde Laparotomie sans resection,,,Surgery,Text,,,,,,,,,,,